Type,Name,Request Count,Failure Count,Median Response Time,Average Response Time,Min Response Time,Max Response Time,Average Content Size,Requests/s,Failures/s,50%,66%,75%,80%,90%,95%,98%,99%,99.9%,99.99%,100%
GET,/surat,786,0,44,52.00899351148943,36.46499999740627,437.6051999970514,121609.0,13.467636675635537,0.0,44,46,49,51,62,90,140,190,440,440,440
GET,/surat/[nomor],517,0,43,57.648964216711136,33.605199998419266,819.1038000004482,57048.86460348163,8.858483665780627,0.0,43,47,53,60,98,130,180,190,820,820,820
,Aggregated,1303,0,44,54.24680230243311,33.605199998419266,819.1038000004482,95993.04451266308,22.326120341416164,0.0,44,47,50,53,76,120,150,190,440,820,820
